{
  "total_respondents": 750,
  "parent_caregivers": 356,
  "non_caregivers": 394,
  "age_distribution": {
    "50+": 118,
    "40-44": 114,
    "45-49": 110,
    "35-39": 106,
    "25-29": 104,
    "18-24": 102,
    "30-34": 96
  },
  "gender_distribution": {
    "Prefer not to say": 221,
    "Non-binary": 189,
    "Male": 175,
    "Female": 165
  },
  "income_distribution": {
    "Under $25,000": 104,
    "$200,000-$249,999": 104,
    "$100,000-$149,999": 94,
    "$150,000-$199,999": 94,
    "$25,000-$49,999": 91,
    "$50,000-$74,999": 90,
    "$250,000+": 87,
    "$75,000-$99,999": 86
  },
  "generation_distribution": {
    "Baby Boomer (1946-1964)": 163,
    "Millennial (1981-1996)": 153,
    "Gen X (1965-1980)": 149,
    "Silent Generation (1928-1945)": 146,
    "Gen Z (1997-2012)": 139
  },
  "purchase_frequency": {
    "Frequently (Monthly)": 141,
    "Occasionally (Every few months)": 131,
    "Never": 127,
    "Rarely (Once or twice a year)": 125,
    "Very Frequently (Weekly)": 114,
    "Very Rarely (Almost never)": 112
  },
  "lt_purchase_likelihood": {
    "Extremely Likely": 121,
    "Neutral": 114,
    "Somewhat Likely": 113,
    "Unlikely": 107,
    "Extremely Unlikely": 103,
    "Likely": 97,
    "Somewhat Unlikely": 95
  },
  "brand_preference_scores": {
    "5": 116,
    "6": 111,
    "3": 110,
    "7": 108,
    "1": 103,
    "4": 102,
    "2": 100
  },
  "children_ages": {
    "Under 1 Year": 322,
    "1-2 Years": 312,
    "3-4 Years": 286,
    "5-6 Years": 321,
    "7-8 Years": 303,
    "9+ Years": 329
  },
  "shopping_places": {
    "Walmart": 242,
    "Target": 240,
    "Other": 237,
    "Local stores": 235,
    "Amazon": 234,
    "Costco/Sam's Club": 231,
    "Other online": 227,
    "Specialty chains": 224
  },
  "avg_lt_purchase_likelihood": 4.069333333333334,
  "avg_brand_preference": 4.057333333333333,
  "avg_safety_rating": 3.952,
  "avg_price_premium_willing": 3.986666666666667
}